synthetic_fixture,underlier_id,asset_class,beta_to_index,spot,rate,div_yield,expiry_years,log_moneyness,strike,forward,iv_mkt
1,EQ_INDEX,equity_index,1.0,5000.0,0.04,0.015,0.0821917808219178,-0.4,3358.4941603455823,5010.28453528752,0.7117110308135149
1,EQ_INDEX,equity_index,1.0,5000.0,0.04,0.015,0.0821917808219178,-0.3,3711.7100745408284,5010.28453528752,0.6406417952144069
1,EQ_INDEX,equity_index,1.0,5000.0,0.04,0.015,0.0821917808219178,-0.2,4102.074030710917,5010.28453528752,0.5664290306588625
1,EQ_INDEX,equity_index,1.0,5000.0,0.04,0.015,0.0821917808219178,-0.1,4533.492922535057,5010.28453528752,0.49472176930488043
1,EQ_INDEX,equity_index,1.0,5000.0,0.04,0.015,0.0821917808219178,0.0,5010.28453528752,5010.28453528752,0.4412104562073146
1,EQ_INDEX,equity_index,1.0,5000.0,0.04,0.015,0.0821917808219178,0.1,5537.220759683929,5010.28453528752,0.4231425634749491
1,EQ_INDEX,equity_index,1.0,5000.0,0.04,0.015,0.0821917808219178,0.2,6119.575350567422,5010.28453528752,0.43524917779719996
1,EQ_INDEX,equity_index,1.0,5000.0,0.04,0.015,0.0821917808219178,0.3,6763.176708419701,5010.28453528752,0.4618678488220823
1,EQ_INDEX,equity_index,1.0,5000.0,0.04,0.015,0.0821917808219178,0.4,7474.466211952037,5010.28453528752,0.4936928107453419
1,EQ_INDEX,equity_index,1.0,5000.0,0.04,0.015,0.2465753424657534,-0.4,3372.324590368499,5030.917112374706,0.4372314013718981
1,EQ_INDEX,equity_index,1.0,5000.0,0.04,0.015,0.2465753424657534,-0.3,3726.995063586636,5030.917112374706,0.3973070962394033
1,EQ_INDEX,equity_index,1.0,5000.0,0.04,0.015,0.2465753424657534,-0.2,4118.966556087449,5030.917112374706,0.35608777974167366
1,EQ_INDEX,equity_index,1.0,5000.0,0.04,0.015,0.2465753424657534,-0.1,4552.162050314055,5030.917112374706,0.31689094558702546
1,EQ_INDEX,equity_index,1.0,5000.0,0.04,0.015,0.2465753424657534,0.0,5030.917112374706,5030.917112374706,0.2881974631702676
1,EQ_INDEX,equity_index,1.0,5000.0,0.04,0.015,0.2465753424657534,0.1,5560.02328384564,5030.917112374706,0.27864649898220345
1,EQ_INDEX,equity_index,1.0,5000.0,0.04,0.015,0.2465753424657534,0.2,6144.776037129664,5030.917112374706,0.28503772887348566
1,EQ_INDEX,equity_index,1.0,5000.0,0.04,0.015,0.2465753424657534,0.3,6791.02777432383,5030.917112374706,0.29920716689642723
1,EQ_INDEX,equity_index,1.0,5000.0,0.04,0.015,0.2465753424657534,0.4,7505.246400026689,5030.917112374706,0.316334156147631
1,EQ_INDEX,equity_index,1.0,5000.0,0.04,0.015,0.4931506849315068,-0.4,3393.177098033381,5062.025398316931,0.3267249604514902
1,EQ_INDEX,equity_index,1.0,5000.0,0.04,0.015,0.4931506849315068,-0.3,3750.0406486268134,5062.025398316931,0.29908072002877445
1,EQ_INDEX,equity_index,1.0,5000.0,0.04,0.015,0.4931506849315068,-0.2,4144.435866463892,5062.025398316931,0.2707856453959447
1,EQ_INDEX,equity_index,1.0,5000.0,0.04,0.015,0.4931506849315068,-0.1,4580.3099914455415,5062.025398316931,0.24418899761799379
1,EQ_INDEX,equity_index,1.0,5000.0,0.04,0.015,0.4931506849315068,0.0,5062.025398316931,5062.025398316931,0.2249740725802272
1,EQ_INDEX,equity_index,1.0,5000.0,0.04,0.015,0.4931506849315068,0.1,5594.40325678017,5062.025398316931,0.2186372945260725
1,EQ_INDEX,equity_index,1.0,5000.0,0.04,0.015,0.4931506849315068,0.2,6182.771783381132,5062.025398316931,0.22287410292023224
1,EQ_INDEX,equity_index,1.0,5000.0,0.04,0.015,0.4931506849315068,0.3,6833.019568091536,5062.025398316931,0.23231719069610443
1,EQ_INDEX,equity_index,1.0,5000.0,0.04,0.015,0.4931506849315068,0.4,7551.654509296587,5062.025398316931,0.24381386298163565
1,EQ_SINGLE,equity_single,1.35,180.0,0.04,0.0,0.0821917808219178,-0.4,121.05494363030343,180.59275467925843,0.8849039093197175
1,EQ_SINGLE,equity_single,1.35,180.0,0.04,0.0,0.0821917808219178,-0.3,133.7864031894982,180.59275467925843,0.8002963604990165
1,EQ_SINGLE,equity_single,1.35,180.0,0.04,0.0,0.0821917808219178,-0.2,147.85684203897648,180.59275467925843,0.7123338203500287
1,EQ_SINGLE,equity_single,1.35,180.0,0.04,0.0,0.0821917808219178,-0.1,163.40708185998164,180.59275467925843,0.6268146682122032
1,EQ_SINGLE,equity_single,1.35,180.0,0.04,0.0,0.0821917808219178,0.0,180.59275467925843,180.59275467925843,0.558091987638836
1,EQ_SINGLE,equity_single,1.35,180.0,0.04,0.0,0.0821917808219178,0.1,199.58586048668627,180.59275467925843,0.5217310561511946
1,EQ_SINGLE,equity_single,1.35,180.0,0.04,0.0,0.0821917808219178,0.2,220.57648866898919,180.59275467925843,0.5157836803814175
1,EQ_SINGLE,equity_single,1.35,180.0,0.04,0.0,0.0821917808219178,0.3,243.77472048820945,180.59275467925843,0.5276308033350325
1,EQ_SINGLE,equity_single,1.35,180.0,0.04,0.0,0.0821917808219178,0.4,269.41273164558885,180.59275467925843,0.5479795574617593
1,EQ_SINGLE,equity_single,1.35,180.0,0.04,0.0,0.2465753424657534,-0.4,121.85354400001017,181.7841264343324,0.5500960903570975
1,EQ_SINGLE,equity_single,1.35,180.0,0.04,0.0,0.2465753424657534,-0.3,134.66899309326257,181.7841264343324,0.5031677106800776
1,EQ_SINGLE,equity_single,1.35,180.0,0.04,0.0,0.2465753424657534,-0.2,148.83225473320402,181.7841264343324,0.455029761106914
1,EQ_SINGLE,equity_single,1.35,180.0,0.04,0.0,0.2465753424657534,-0.1,164.48507960276373,181.7841264343324,0.4090853592334218
1,EQ_SINGLE,equity_single,1.35,180.0,0.04,0.0,0.2465753424657534,0.0,181.7841264343324,181.7841264343324,0.3729903186113251
1,EQ_SINGLE,equity_single,1.35,180.0,0.04,0.0,0.2465753424657534,0.1,200.90252990301076,181.7841264343324,0.3542745765413915
1,EQ_SINGLE,equity_single,1.35,180.0,0.04,0.0,0.2465753424657534,0.2,222.03163341663063,181.7841264343324,0.35124261185383543
1,EQ_SINGLE,equity_single,1.35,180.0,0.04,0.0,0.2465753424657534,0.3,245.38290414489333,181.7841264343324,0.3572907477172667
1,EQ_SINGLE,equity_single,1.35,180.0,0.04,0.0,0.2465753424657534,0.4,271.19004945388036,181.7841264343324,0.36775574285650753
1,EQ_SINGLE,equity_single,1.35,180.0,0.04,0.0,0.4931506849315068,-0.4,123.06133360538516,183.5859367971852,0.41484521672298946
1,EQ_SINGLE,equity_single,1.35,180.0,0.04,0.0,0.4931506849315068,-0.3,136.00380704027705,183.5859367971852,0.38266438859619745
1,EQ_SINGLE,equity_single,1.35,180.0,0.04,0.0,0.4931506849315068,-0.2,150.30745228848622,183.5859367971852,0.3499745298693474
1,EQ_SINGLE,equity_single,1.35,180.0,0.04,0.0,0.4931506849315068,-0.1,166.1154250392779,183.5859367971852,0.31916776115100043
1,EQ_SINGLE,equity_single,1.35,180.0,0.04,0.0,0.4931506849315068,0.0,183.5859367971852,183.5859367971852,0.29531452159801874
1,EQ_SINGLE,equity_single,1.35,180.0,0.04,0.0,0.4931506849315068,0.1,202.893838315923,183.5859367971852,0.2830958490655454
1,EQ_SINGLE,equity_single,1.35,180.0,0.04,0.0,0.4931506849315068,0.2,224.23236956350064,183.5859367971852,0.2811273226800816
1,EQ_SINGLE,equity_single,1.35,180.0,0.04,0.0,0.4931506849315068,0.3,247.8150937327719,183.5859367971852,0.28505724740778227
1,EQ_SINGLE,equity_single,1.35,180.0,0.04,0.0,0.4931506849315068,0.4,273.8780346536502,183.5859367971852,0.29188585755042
1,FX_PAIR,fx_pair,0.15,1.1,0.03,0.02,0.0821917808219178,-0.4,0.7379583425474772,1.100904481242743,0.4874892304702092
1,FX_PAIR,fx_pair,0.15,1.1,0.03,0.02,0.0821917808219178,-0.3,0.8155700989347786,1.100904481242743,0.4370545351173772
1,FX_PAIR,fx_pair,0.15,1.1,0.03,0.02,0.0821917808219178,-0.2,0.9013443549947959,1.100904481242743,0.3844010299440236
1,FX_PAIR,fx_pair,0.15,1.1,0.03,0.02,0.0821917808219178,-0.1,0.9961395683119011,1.100904481242743,0.3354212520876064
1,FX_PAIR,fx_pair,0.15,1.1,0.03,0.02,0.0821917808219178,0.0,1.100904481242743,1.100904481242743,0.31002688055500394
1,FX_PAIR,fx_pair,0.15,1.1,0.03,0.02,0.0821917808219178,0.1,1.216687616248637,1.100904481242743,0.3280864972615468
1,FX_PAIR,fx_pair,0.15,1.1,0.03,0.02,0.0821917808219178,0.2,1.3446477698607775,1.100904481242743,0.37152499039592585
1,FX_PAIR,fx_pair,0.15,1.1,0.03,0.02,0.0821917808219178,0.3,1.4860656103054075,1.100904481242743,0.42001984080120147
1,FX_PAIR,fx_pair,0.15,1.1,0.03,0.02,0.0821917808219178,0.4,1.6423564948618747,1.100904481242743,0.4670964388194049
1,FX_PAIR,fx_pair,0.15,1.1,0.03,0.02,0.2465753424657534,-0.4,0.7391724223548286,1.1027156754842575,0.29702501567904693
1,FX_PAIR,fx_pair,0.15,1.1,0.03,0.02,0.2465753424657534,-0.3,0.8169118646300862,1.1027156754842575,0.2684382817541327
1,FX_PAIR,fx_pair,0.15,1.1,0.03,0.02,0.2465753424657534,-0.2,0.9028272354201216,1.1027156754842575,0.2388826196376979
1,FX_PAIR,fx_pair,0.15,1.1,0.03,0.02,0.2465753424657534,-0.1,0.9977784046329546,1.1027156754842575,0.2117606455459389
1,FX_PAIR,fx_pair,0.15,1.1,0.03,0.02,0.2465753424657534,0.0,1.1027156754842575,1.1027156754842575,0.19788998065704197
1,FX_PAIR,fx_pair,0.15,1.1,0.03,0.02,0.2465753424657534,0.1,1.2186892954513449,1.1027156754842575,0.2077389224264959
1,FX_PAIR,fx_pair,0.15,1.1,0.03,0.02,0.2465753424657534,0.2,1.346859967502927,1.1027156754842575,0.23171250234449337
1,FX_PAIR,fx_pair,0.15,1.1,0.03,0.02,0.2465753424657534,0.3,1.4885104668045468,1.1027156754842575,0.2588392894785832
1,FX_PAIR,fx_pair,0.15,1.1,0.03,0.02,0.2465753424657534,0.4,1.6450584791635916,1.1027156754842575,0.28543898734176737
1,FX_PAIR,fx_pair,0.15,1.1,0.03,0.02,0.4931506849315068,-0.4,0.7409972881966725,1.1054380554170022,0.22049089543198516
1,FX_PAIR,fx_pair,0.15,1.1,0.03,0.02,0.4931506849315068,-0.3,0.8189286532878819,1.1054380554170022,0.20055672514278847
1,FX_PAIR,fx_pair,0.15,1.1,0.03,0.02,0.4931506849315068,-0.2,0.905056131592622,1.1054380554170022,0.18010426793378526
1,FX_PAIR,fx_pair,0.15,1.1,0.03,0.02,0.4931506849315068,-0.1,1.0002417158622123,1.1054380554170022,0.16152812431079355
1,FX_PAIR,fx_pair,0.15,1.1,0.03,0.02,0.4931506849315068,0.0,1.1054380554170022,1.1054380554170022,0.15212166183683376
1,FX_PAIR,fx_pair,0.15,1.1,0.03,0.02,0.4931506849315068,0.1,1.221697990580967,1.1054380554170022,0.1587933718495932
1,FX_PAIR,fx_pair,0.15,1.1,0.03,0.02,0.4931506849315068,0.2,1.3501850898615413,1.1054380554170022,0.1751729069461505
1,FX_PAIR,fx_pair,0.15,1.1,0.03,0.02,0.4931506849315068,0.3,1.4921852953343304,1.1054380554170022,0.19389430110243056
1,FX_PAIR,fx_pair,0.15,1.1,0.03,0.02,0.4931506849315068,0.4,1.6491197927836232,1.1054380554170022,0.21239640997059864
