time_seconds,spot,bid,ask,bid_sz,ask_sz,trade_px,trade_sz,symbol,expiry,strike,right,exchange,seq,synthetic_fixture
60.0,100.002161,2.667583,2.774778,25,26,2.667583,2,SYNTH 260101C00100000,2026-01-01,100.0000,C,SYNTH,1,1
120.0,99.983133,2.665488,2.756036,24,7,2.665488,2,SYNTH 260101C00100000,2026-01-01,100.0000,C,SYNTH,2,1
180.0,100.030764,2.677778,2.794724,35,17,2.677778,2,SYNTH 260101C00100000,2026-01-01,100.0000,C,SYNTH,3,1
240.0,100.074173,2.718223,2.800954,34,9,2.800954,2,SYNTH 260101C00100000,2026-01-01,100.0000,C,SYNTH,4,1
300.0,100.126806,2.746057,2.830108,37,33,2.746057,2,SYNTH 260101C00100000,2026-01-01,100.0000,C,SYNTH,5,1
360.0,100.071206,2.702471,2.812759,15,24,2.702471,2,SYNTH 260101C00100000,2026-01-01,100.0000,C,SYNTH,6,1
420.0,99.948662,2.643228,2.739509,30,13,2.739509,2,SYNTH 260101C00100000,2026-01-01,100.0000,C,SYNTH,7,1
480.0,99.853522,2.600183,2.680916,32,21,2.600183,2,SYNTH 260101C00100000,2026-01-01,100.0000,C,SYNTH,8,1
540.0,99.806144,2.571516,2.659215,15,20,2.571516,2,SYNTH 260101C00100000,2026-01-01,100.0000,C,SYNTH,9,1
600.0,99.840810,2.583037,2.683894,24,36,2.583037,2,SYNTH 260101C00100000,2026-01-01,100.0000,C,SYNTH,10,1
660.0,99.862936,2.602517,2.687468,20,17,2.602517,2,SYNTH 260101C00100000,2026-01-01,100.0000,C,SYNTH,11,1
720.0,99.820774,2.574147,2.670911,31,16,2.574147,2,SYNTH 260101C00100000,2026-01-01,100.0000,C,SYNTH,12,1
780.0,99.854371,2.687483,2.687483,8,21,2.687483,2,SYNTH 260101C00100000,2026-01-01,100.0000,C,SYNTH,13,1
840.0,99.894325,2.705128,2.705128,11,34,2.705128,2,SYNTH 260101C00100000,2026-01-01,100.0000,C,SYNTH,14,1
900.0,99.933437,2.635751,2.727806,15,8,2.635751,2,SYNTH 260101C00100000,2026-01-01,100.0000,C,SYNTH,15,1
960.0,99.917453,2.625250,2.720881,5,21,2.625250,2,SYNTH 260101C00100000,2026-01-01,100.0000,C,SYNTH,16,1
1020.0,99.939289,2.635781,2.733307,9,25,2.185781,3,SYNTH 260101C00100000,2026-01-01,100.0000,C,SYNTH,17,1
1080.0,99.970674,2.655955,2.746391,23,11,2.655955,2,SYNTH 260101C00100000,2026-01-01,100.0000,C,SYNTH,18,1
1140.0,99.959300,2.648573,2.741212,37,30,2.648573,2,SYNTH 260101C00100000,2026-01-01,100.0000,C,SYNTH,19,1
1200.0,99.858982,2.592439,2.690101,13,16,2.592439,2,SYNTH 260101C00100000,2026-01-01,100.0000,C,SYNTH,20,1
1260.0,99.794851,2.554687,2.659831,22,16,2.554687,2,SYNTH 260101C00100000,2026-01-01,100.0000,C,SYNTH,21,1
1320.0,99.877749,2.594861,2.706854,35,6,2.594861,2,SYNTH 260101C00100000,2026-01-01,100.0000,C,SYNTH,22,1
1380.0,99.893281,2.603784,2.714071,10,34,2.714071,2,SYNTH 260101C00100000,2026-01-01,100.0000,C,SYNTH,23,1
1440.0,99.856627,2.592264,2.686335,37,29,2.686335,2,SYNTH 260101C00100000,2026-01-01,100.0000,C,SYNTH,24,1
1500.0,99.809084,2.686993,2.656993,24,26,2.571050,2,SYNTH 260101C00100000,2026-01-01,100.0000,C,SYNTH,25,1
1560.0,99.762308,2.663161,2.633161,28,36,2.633161,2,SYNTH 260101C00100000,2026-01-01,100.0000,C,SYNTH,26,1
1620.0,99.748179,2.528870,2.634568,27,10,3.084568,3,SYNTH 260101C00100000,2026-01-01,100.0000,C,SYNTH,27,1
1680.0,99.736033,2.520800,2.629594,35,17,2.520800,2,SYNTH 260101C00100000,2026-01-01,100.0000,C,SYNTH,28,1
1740.0,99.870237,2.604980,2.686230,12,10,2.604980,2,SYNTH 260101C00100000,2026-01-01,100.0000,C,SYNTH,29,1
1800.0,99.954599,2.624686,2.756076,17,13,2.624686,2,SYNTH 260101C00100000,2026-01-01,100.0000,C,SYNTH,30,1
1860.0,99.992603,2.662296,2.758902,13,27,2.662296,2,SYNTH 260101C00100000,2026-01-01,100.0000,C,SYNTH,31,1
1920.0,100.004829,2.666051,2.767948,8,9,2.666051,2,SYNTH 260101C00100000,2026-01-01,100.0000,C,SYNTH,32,1
1980.0,99.978023,2.659122,2.745678,24,9,2.659122,2,SYNTH 260101C00100000,2026-01-01,100.0000,C,SYNTH,33,1
2040.0,100.028781,2.683657,2.775460,19,36,2.775460,2,SYNTH 260101C00100000,2026-01-01,100.0000,C,SYNTH,34,1
2100.0,100.113178,2.727077,2.823314,38,28,2.727077,2,SYNTH 260101C00100000,2026-01-01,100.0000,C,SYNTH,35,1
2160.0,100.068569,2.703424,2.798055,17,33,2.798055,2,SYNTH 260101C00100000,2026-01-01,100.0000,C,SYNTH,36,1
2220.0,100.033605,2.690695,2.772547,28,14,2.772547,2,SYNTH 260101C00100000,2026-01-01,100.0000,C,SYNTH,37,1
2280.0,99.910895,2.690695,2.772547,28,14,2.440695,2,SYNTH 260101C00100000,2026-01-01,100.0000,C,SYNTH,38,1
2340.0,99.947714,2.690695,2.772547,28,14,2.440695,2,SYNTH 260101C00100000,2026-01-01,100.0000,C,SYNTH,39,1
2400.0,99.995951,2.690695,2.772547,28,14,2.440695,2,SYNTH 260101C00100000,2026-01-01,100.0000,C,SYNTH,40,1
2460.0,100.020512,2.679241,2.768404,29,24,2.768404,2,SYNTH 260101C00100000,2026-01-01,100.0000,C,SYNTH,41,1
2520.0,100.033385,2.688853,2.772335,15,39,2.688853,2,SYNTH 260101C00100000,2026-01-01,100.0000,C,SYNTH,42,1
2580.0,100.105861,2.722276,2.817228,31,6,2.722276,2,SYNTH 260101C00100000,2026-01-01,100.0000,C,SYNTH,43,1
2640.0,100.145350,2.742953,2.839334,15,27,2.292953,3,SYNTH 260101C00100000,2026-01-01,100.0000,C,SYNTH,44,1
2700.0,100.151268,2.749726,2.838682,17,27,2.749726,2,SYNTH 260101C00100000,2026-01-01,100.0000,C,SYNTH,45,1
2760.0,100.176040,2.767473,2.847756,10,29,2.847756,2,SYNTH 260101C00100000,2026-01-01,100.0000,C,SYNTH,46,1
2820.0,100.232773,2.791080,2.886334,11,20,2.886334,2,SYNTH 260101C00100000,2026-01-01,100.0000,C,SYNTH,47,1
2880.0,100.196733,2.775723,2.861546,34,33,2.861546,2,SYNTH 260101C00100000,2026-01-01,100.0000,C,SYNTH,48,1
2940.0,100.142662,2.735643,2.841883,19,35,2.735643,2,SYNTH 260101C00100000,2026-01-01,100.0000,C,SYNTH,49,1
3000.0,100.143177,2.733304,2.844423,35,8,2.844423,2,SYNTH 260101C00100000,2026-01-01,100.0000,C,SYNTH,50,1
3060.0,100.173748,2.760009,2.850882,14,34,2.760009,2,SYNTH 260101C00100000,2026-01-01,100.0000,C,SYNTH,51,1
3120.0,100.237474,2.795722,2.885074,14,23,2.795722,2,SYNTH 260101C00100000,2026-01-01,100.0000,C,SYNTH,52,1
3180.0,100.242608,2.801448,2.884667,15,35,2.801448,2,SYNTH 260101C00100000,2026-01-01,100.0000,C,SYNTH,53,1
3240.0,100.234485,2.792062,2.884698,33,21,3.334698,3,SYNTH 260101C00100000,2026-01-01,100.0000,C,SYNTH,54,1
3300.0,100.202157,2.769443,2.871256,10,23,2.769443,2,SYNTH 260101C00100000,2026-01-01,100.0000,C,SYNTH,55,1
3360.0,100.263632,2.809008,2.899321,35,29,2.809008,2,SYNTH 260101C00100000,2026-01-01,100.0000,C,SYNTH,56,1
3420.0,100.255679,2.808676,2.890466,7,35,2.890466,2,SYNTH 260101C00100000,2026-01-01,100.0000,C,SYNTH,57,1
3480.0,100.189826,2.766038,2.859986,23,30,3.309986,3,SYNTH 260101C00100000,2026-01-01,100.0000,C,SYNTH,58,1
3540.0,100.129533,2.731507,2.828019,12,17,2.731507,2,SYNTH 260101C00100000,2026-01-01,100.0000,C,SYNTH,59,1
3600.0,100.199279,2.775213,2.860493,13,12,2.775213,2,SYNTH 260101C00100000,2026-01-01,100.0000,C,SYNTH,60,1
3660.0,100.227751,2.789096,2.877668,35,6,2.789096,2,SYNTH 260101C00100000,2026-01-01,100.0000,C,SYNTH,61,1
3720.0,100.172538,2.748010,2.857547,23,36,3.307547,3,SYNTH 260101C00100000,2026-01-01,100.0000,C,SYNTH,62,1
3780.0,100.149982,2.740352,2.840097,28,17,2.740352,2,SYNTH 260101C00100000,2026-01-01,100.0000,C,SYNTH,63,1
3840.0,100.194625,2.765152,2.863971,7,28,2.863971,2,SYNTH 260101C00100000,2026-01-01,100.0000,C,SYNTH,64,1
3900.0,100.169727,2.753291,2.848087,32,9,2.303291,3,SYNTH 260101C00100000,2026-01-01,100.0000,C,SYNTH,65,1
3960.0,100.130100,2.732722,2.824877,6,18,2.732722,2,SYNTH 260101C00100000,2026-01-01,100.0000,C,SYNTH,66,1
4020.0,100.094097,2.703549,2.814411,11,16,2.814411,2,SYNTH 260101C00100000,2026-01-01,100.0000,C,SYNTH,67,1
4080.0,100.093043,2.706288,2.810162,29,38,2.706288,2,SYNTH 260101C00100000,2026-01-01,100.0000,C,SYNTH,68,1
4140.0,100.018544,2.671657,2.763692,12,37,2.671657,2,SYNTH 260101C00100000,2026-01-01,100.0000,C,SYNTH,69,1
4200.0,99.974575,2.651197,2.736468,7,25,2.651197,2,SYNTH 260101C00100000,2026-01-01,100.0000,C,SYNTH,70,1
4260.0,99.977435,2.650486,2.739886,21,18,2.739886,2,SYNTH 260101C00100000,2026-01-01,100.0000,C,SYNTH,71,1
4320.0,99.986896,2.657147,2.743026,23,36,3.193026,3,SYNTH 260101C00100000,2026-01-01,100.0000,C,SYNTH,72,1
4380.0,99.941646,2.620362,2.730933,37,23,2.620362,2,SYNTH 260101C00100000,2026-01-01,100.0000,C,SYNTH,73,1
4440.0,99.963401,2.642295,2.731928,7,32,2.642295,2,SYNTH 260101C00100000,2026-01-01,100.0000,C,SYNTH,74,1
4500.0,99.980984,2.640588,2.752142,14,30,2.640588,2,SYNTH 260101C00100000,2026-01-01,100.0000,C,SYNTH,75,1
4560.0,99.880156,2.600110,2.684587,21,10,2.600110,2,SYNTH 260101C00100000,2026-01-01,100.0000,C,SYNTH,76,1
4620.0,99.807187,2.559635,2.647584,17,35,2.559635,2,SYNTH 260101C00100000,2026-01-01,100.0000,C,SYNTH,77,1
4680.0,99.828673,2.571639,2.657853,39,5,2.657853,2,SYNTH 260101C00100000,2026-01-01,100.0000,C,SYNTH,78,1
4740.0,99.755375,2.531478,2.620671,25,9,2.531478,2,SYNTH 260101C00100000,2026-01-01,100.0000,C,SYNTH,79,1
4800.0,99.714992,2.507786,2.601881,24,36,2.507786,2,SYNTH 260101C00100000,2026-01-01,100.0000,C,SYNTH,80,1
4860.0,99.666283,2.480351,2.578427,29,5,2.480351,2,SYNTH 260101C00100000,2026-01-01,100.0000,C,SYNTH,81,1
4920.0,99.719952,2.515757,2.598348,26,6,2.598348,2,SYNTH 260101C00100000,2026-01-01,100.0000,C,SYNTH,82,1
4980.0,99.887935,2.592490,2.697926,31,17,2.697926,2,SYNTH 260101C00100000,2026-01-01,100.0000,C,SYNTH,83,1
5040.0,99.832165,2.569277,2.661723,9,36,2.661723,2,SYNTH 260101C00100000,2026-01-01,100.0000,C,SYNTH,84,1
5100.0,99.891473,2.597820,2.695628,31,37,2.597820,2,SYNTH 260101C00100000,2026-01-01,100.0000,C,SYNTH,85,1
5160.0,99.913133,2.605115,2.711021,34,19,2.711021,2,SYNTH 260101C00100000,2026-01-01,100.0000,C,SYNTH,86,1
5220.0,99.994422,2.659484,2.743327,10,31,2.659484,2,SYNTH 260101C00100000,2026-01-01,100.0000,C,SYNTH,87,1
5280.0,99.958301,2.635474,2.728195,17,13,2.728195,2,SYNTH 260101C00100000,2026-01-01,100.0000,C,SYNTH,88,1
5340.0,100.023146,2.670855,2.762185,8,15,2.762185,2,SYNTH 260101C00100000,2026-01-01,100.0000,C,SYNTH,89,1
5400.0,100.051078,2.687724,2.775155,25,13,2.687724,2,SYNTH 260101C00100000,2026-01-01,100.0000,C,SYNTH,90,1
5460.0,100.085033,2.693584,2.805778,36,39,2.693584,2,SYNTH 260101C00100000,2026-01-01,100.0000,C,SYNTH,91,1
5520.0,100.010870,2.647376,2.771330,10,15,2.647376,2,SYNTH 260101C00100000,2026-01-01,100.0000,C,SYNTH,92,1
5580.0,100.072283,2.701131,2.783649,26,5,2.701131,2,SYNTH 260101C00100000,2026-01-01,100.0000,C,SYNTH,93,1
5640.0,100.100869,2.713303,2.802200,13,14,2.802200,2,SYNTH 260101C00100000,2026-01-01,100.0000,C,SYNTH,94,1
5700.0,100.093363,2.710315,2.796651,16,18,2.796651,2,SYNTH 260101C00100000,2026-01-01,100.0000,C,SYNTH,95,1
5760.0,100.125387,2.725288,2.816232,30,11,2.725288,2,SYNTH 260101C00100000,2026-01-01,100.0000,C,SYNTH,96,1
